id,label
0,Safety
1,Not safety
2,Not safety
3,Not safety
4,Safety
5,Not safety
6,Not safety
7,Safety
8,Safety
9,Safety
10,Not safety
11,Not safety
12,Not safety
13,Safety
14,Not safety
15,Not safety
16,Not safety
17,Safety
18,Safety
19,Not safety
20,Safety
21,Safety
22,Not safety
23,Safety
24,Not safety
25,Not safety
26,Safety
27,Safety
28,Not safety
29,Not safety
30,Safety
31,Safety
32,Safety
33,Not safety
34,Safety
35,Safety
36,Not safety
37,Safety
38,Safety
39,Not safety
40,Safety
41,Safety
42,Safety
43,Not safety
44,Safety
45,Not safety
46,Not safety
47,Not safety
48,Not safety
49,Not safety
50,Safety
51,Safety
52,Safety
53,Not safety
54,Not safety
55,Not safety
56,Safety
57,Not safety
58,Safety
59,Not safety
60,Not safety
61,Not safety
62,Not safety
63,Not safety
64,Not safety
65,Not safety
66,Safety
67,Safety
68,Safety
69,Safety
70,Not safety
71,Not safety
72,Safety
73,Safety
74,Safety
75,Safety
76,Safety
77,Not safety
78,Safety
79,Not safety
80,Safety
81,Safety
82,Safety
83,Safety
84,Safety
85,Not safety
86,Not safety
87,Not safety
88,Safety
89,Safety
90,Not safety
91,Not safety
92,Not safety
93,Safety
94,Safety
95,Not safety
96,Not safety
97,Safety
98,Safety
99,Safety
100,Not safety
101,Safety
102,Not safety
103,Not safety
104,Safety
105,Safety
106,Safety
107,Not safety
108,Not safety
109,Not safety
110,Safety
111,Safety
112,Safety
113,Safety
114,Safety
115,Not safety
116,Not safety
117,Not safety
118,Safety
119,Safety
120,Safety
121,Not safety
122,Not safety
123,Safety
124,Not safety
125,Not safety
126,Safety
127,Not safety
128,Not safety
129,Not safety
130,Not safety
131,Not safety
132,Safety
133,Safety
134,Not safety
135,Not safety
136,Safety
137,Safety
138,Not safety
139,Safety
140,Safety
141,Safety
142,Not safety
143,Not safety
144,Safety
145,Not safety
146,Not safety
147,Safety
148,Not safety
149,Not safety
150,Not safety
151,Not safety
152,Not safety
153,Not safety
154,Safety
155,Not safety
156,Not safety
157,Safety
158,Not safety
159,Safety
160,Not safety
161,Not safety
162,Safety
163,Not safety
164,Not safety
165,Not safety
166,Safety
167,Not safety
168,Safety
169,Safety
170,Safety
171,Not safety
172,Safety
173,Safety
174,Not safety
175,Safety
176,Safety
177,Safety
178,Safety
179,Safety
180,Safety
181,Not safety
182,Not safety
183,Not safety
184,Not safety
185,Not safety
186,Not safety
187,Safety
188,Safety
189,Safety
190,Not safety
191,Safety
192,Safety
193,Not safety
194,Not safety
195,Not safety
196,Not safety
197,Safety
198,Safety
199,Safety
200,Safety
201,Not safety
202,Safety
203,Safety
204,Safety
205,Not safety
206,Safety
207,Safety
208,Safety
209,Safety
210,Safety
211,Not safety
212,Not safety
213,Not safety
214,Not safety
215,Not safety
216,Not safety
217,Safety
218,Safety
219,Safety
220,Not safety
221,Not safety
222,Not safety
223,Not safety
224,Not safety
225,Safety
226,Safety
227,Not safety
228,Safety
229,Safety
230,Safety
231,Not safety
232,Safety
233,Not safety
234,Not safety
235,Safety
236,Not safety
237,Safety
238,Safety
239,Safety
240,Not safety
241,Safety
242,Safety
243,Safety
244,Not safety
245,Not safety
246,Safety
247,Safety
248,Not safety
249,Not safety
250,Safety
251,Not safety
252,Not safety
253,Safety
254,Not safety
255,Not safety
256,Not safety
257,Safety
258,Safety
259,Safety
260,Not safety
261,Not safety
262,Not safety
263,Not safety
264,Not safety
265,Safety
266,Not safety
267,Not safety
268,Safety
269,Not safety
270,Safety
271,Safety
272,Not safety
273,Not safety
274,Not safety
275,Safety
276,Not safety
277,Safety
278,Not safety
279,Not safety
280,Safety
281,Not safety
282,Safety
283,Safety
284,Safety
285,Safety
286,Not safety
287,Not safety
288,Safety
289,Safety
290,Safety
291,Safety
292,Safety
293,Safety
294,Not safety
295,Safety
296,Safety
297,Safety
298,Safety
299,Not safety
300,Safety
301,Not safety
302,Not safety
303,Not safety
304,Not safety
305,Safety
306,Not safety
307,Not safety
308,Safety
309,Not safety
310,Safety
311,Not safety
312,Safety
313,Not safety
314,Safety
315,Not safety
316,Not safety
317,Safety
318,Safety
319,Not safety
320,Not safety
321,Not safety
322,Safety
323,Safety
324,Safety
325,Not safety
326,Not safety
327,Safety
328,Not safety
329,Safety
330,Not safety
331,Safety
332,Not safety
333,Safety
334,Safety
335,Not safety
336,Not safety
337,Not safety
338,Safety
339,Safety
340,Not safety
341,Safety
342,Safety
343,Safety
344,Safety
345,Safety
346,Safety
347,Not safety
348,Not safety
349,Not safety
350,Not safety
351,Safety
352,Not safety
353,Safety
354,Not safety
355,Not safety
356,Safety
357,Safety
358,Not safety
359,Not safety
360,Safety
361,Not safety
362,Safety
363,Safety
364,Safety
365,Safety
366,Safety
367,Not safety
368,Safety
369,Safety
370,Safety
371,Not safety
372,Not safety
373,Safety
374,Safety
375,Not safety
376,Not safety
377,Not safety
378,Safety
379,Safety
380,Safety
381,Not safety
382,Safety
383,Not safety
384,Not safety
385,Not safety
386,Not safety
387,Not safety
388,Not safety
389,Safety
390,Not safety
391,Safety
392,Not safety
393,Safety
394,Not safety
395,Safety
396,Not safety
397,Safety
398,Safety
399,Not safety
400,Not safety
401,Safety
402,Safety
403,Not safety
404,Not safety
405,Not safety
406,Not safety
407,Not safety
408,Safety
409,Safety
410,Not safety
411,Safety
412,Safety
413,Not safety
414,Safety
415,Not safety
416,Safety
417,Not safety
418,Safety
419,Safety
420,Safety
421,Safety
422,Safety
423,Safety
424,Safety
425,Not safety
426,Safety
427,Safety
428,Safety
429,Safety
430,Not safety
431,Safety
432,Safety
433,Safety
434,Not safety
435,Not safety
436,Not safety
437,Not safety
438,Safety
439,Not safety
440,Not safety
441,Safety
442,Not safety
443,Safety
444,Safety
445,Not safety
446,Safety
447,Safety
448,Not safety
449,Not safety
450,Safety
451,Safety
452,Not safety
453,Not safety
454,Not safety
455,Safety
456,Not safety
457,Safety
458,Not safety
459,Safety
460,Safety
461,Not safety
462,Not safety
463,Safety
464,Not safety
465,Safety
466,Safety
467,Safety
468,Not safety
469,Safety
470,Not safety
471,Safety
472,Not safety
473,Safety
474,Not safety
475,Not safety
476,Safety
477,Safety
478,Safety
479,Safety
480,Not safety
481,Safety
482,Not safety
483,Not safety
484,Not safety
485,Not safety
486,Not safety
487,Not safety
488,Safety
489,Safety
490,Not safety
491,Safety
492,Safety
493,Not safety
494,Not safety
495,Safety
496,Not safety
497,Not safety
498,Safety
499,Safety
500,Not safety
501,Not safety
502,Safety
503,Safety
504,Safety
505,Not safety
506,Not safety
507,Not safety
508,Not safety
509,Safety
510,Not safety
511,Not safety
512,Safety
513,Safety
514,Not safety
515,Not safety
516,Safety
517,Not safety
518,Safety
519,Not safety
520,Not safety
521,Safety
522,Not safety
523,Safety
524,Safety
525,Safety
526,Not safety
527,Safety
528,Not safety
529,Safety
530,Not safety
531,Not safety
532,Not safety
533,Not safety
534,Not safety
535,Not safety
536,Not safety
537,Safety
538,Not safety
539,Safety
540,Not safety
541,Not safety
542,Not safety
543,Safety
544,Not safety
545,Not safety
546,Not safety
547,Not safety
548,Safety
549,Safety
550,Safety
551,Not safety
552,Safety
553,Safety
554,Safety
555,Not safety
556,Not safety
557,Not safety
558,Not safety
559,Not safety
560,Not safety
561,Not safety
562,Not safety
563,Safety
564,Safety
565,Not safety
566,Safety
567,Safety
568,Safety
569,Safety
570,Not safety
571,Safety
572,Not safety
573,Not safety
574,Safety
575,Not safety
576,Safety
577,Safety
578,Not safety
579,Safety
580,Not safety
581,Not safety
582,Safety
583,Safety
584,Not safety
585,Safety
586,Safety
587,Not safety
588,Not safety
589,Safety
590,Safety
591,Safety
592,Not safety
593,Not safety
594,Not safety
595,Not safety
596,Safety
597,Not safety
598,Safety
599,Not safety
600,Not safety
601,Safety
602,Not safety
603,Safety
604,Safety
605,Not safety
606,Safety
607,Safety
608,Safety
609,Safety
610,Not safety
611,Safety
612,Safety
613,Not safety
614,Not safety
615,Safety
616,Safety
617,Not safety
618,Not safety
619,Not safety
620,Safety
621,Not safety
622,Safety
623,Not safety
624,Safety
625,Not safety
626,Safety
627,Safety
628,Safety
629,Not safety
630,Safety
631,Safety
632,Not safety
633,Safety
634,Safety
635,Not safety
636,Not safety
637,Safety
638,Safety
639,Not safety
640,Not safety
641,Not safety
642,Not safety
643,Not safety
644,Not safety
645,Not safety
646,Safety
647,Safety
648,Not safety
649,Safety
650,Not safety
651,Not safety
652,Safety
653,Not safety
654,Safety
655,Not safety
656,Not safety
657,Safety
658,Safety
659,Safety
660,Safety
661,Not safety
662,Not safety
663,Not safety
664,Safety
665,Not safety
666,Not safety
667,Safety
668,Safety
669,Safety
670,Not safety
671,Safety
672,Safety
673,Not safety
674,Not safety
675,Not safety
676,Safety
677,Not safety
678,Safety
679,Safety
680,Not safety
681,Not safety
682,Safety
683,Safety
684,Safety
685,Not safety
686,Safety
687,Safety
688,Safety
689,Not safety
690,Not safety
691,Safety
692,Safety
693,Safety
694,Safety
695,Not safety
696,Not safety
697,Safety
698,Not safety
699,Safety
700,Safety
701,Not safety
702,Not safety
703,Safety
704,Not safety
705,Not safety
706,Safety
707,Safety
708,Not safety
709,Not safety
710,Safety
711,Not safety
712,Safety
713,Safety
714,Safety
715,Not safety
716,Not safety
717,Safety
718,Not safety
719,Safety
720,Not safety
721,Safety
722,Not safety
723,Safety
724,Not safety
725,Not safety
726,Not safety
727,Safety
728,Not safety
729,Not safety
730,Safety
731,Safety
732,Safety
733,Not safety
734,Not safety
735,Not safety
736,Not safety
737,Not safety
738,Not safety
739,Not safety
740,Not safety
741,Not safety
742,Not safety
743,Safety
744,Not safety
745,Not safety
746,Safety
747,Not safety
748,Not safety
749,Safety
750,Not safety
751,Not safety
752,Not safety
753,Safety
754,Safety
755,Safety
756,Not safety
757,Safety
758,Safety
759,Not safety
760,Not safety
761,Not safety
762,Safety
763,Safety
764,Safety
765,Safety
766,Safety
767,Safety
768,Not safety
769,Not safety
770,Safety
771,Not safety
772,Safety
773,Safety
774,Not safety
775,Not safety
776,Safety
777,Not safety
778,Not safety
779,Not safety
780,Safety
781,Safety
782,Safety
783,Not safety
784,Not safety
785,Safety
786,Not safety
787,Not safety
788,Safety
789,Not safety
790,Not safety
791,Safety
792,Safety
793,Not safety
794,Not safety
795,Not safety
796,Not safety
797,Not safety
798,Not safety
799,Not safety
800,Safety
801,Not safety
802,Safety
803,Not safety
804,Safety
805,Safety
806,Not safety
807,Safety
808,Safety
809,Safety
810,Safety
811,Not safety
812,Not safety
813,Not safety
814,Safety
815,Not safety
816,Safety
817,Safety
818,Not safety
819,Safety
820,Not safety
821,Safety
822,Not safety
823,Safety
824,Not safety
825,Not safety
826,Not safety
827,Not safety
828,Not safety
829,Not safety
830,Safety
831,Not safety
832,Not safety
833,Not safety
834,Safety
835,Safety
836,Safety
837,Not safety
838,Not safety
839,Not safety
840,Safety
841,Safety
842,Not safety
843,Not safety
844,Safety
845,Safety
846,Not safety
847,Not safety
848,Not safety
849,Not safety
850,Not safety
851,Safety
852,Safety
853,Not safety
854,Safety
855,Not safety
856,Safety
857,Not safety
858,Safety
859,Not safety
860,Not safety
861,Not safety
862,Safety
863,Not safety
864,Not safety
865,Not safety
866,Not safety
867,Safety
868,Safety
869,Not safety
870,Not safety
871,Not safety
872,Not safety
873,Not safety
874,Safety
875,Not safety
876,Safety
877,Safety
878,Safety
879,Safety
880,Safety
881,Safety
882,Safety
883,Not safety
884,Safety
885,Safety
886,Safety
887,Not safety
888,Not safety
889,Safety
890,Safety
891,Not safety
892,Not safety
893,Not safety
894,Not safety
895,Not safety
896,Not safety
897,Not safety
898,Safety
899,Not safety
900,Not safety
901,Safety
902,Safety
903,Not safety
904,Safety
905,Not safety
906,Not safety
907,Safety
908,Not safety
909,Not safety
910,Not safety
911,Not safety
912,Not safety
913,Not safety
914,Safety
915,Safety
916,Safety
917,Not safety
918,Not safety
919,Safety
920,Not safety
921,Not safety
922,Safety
923,Not safety
924,Safety
925,Safety
926,Safety
927,Not safety
928,Safety
929,Safety
930,Safety
931,Not safety
932,Not safety
933,Safety
934,Not safety
935,Safety
936,Safety
937,Safety
938,Safety
939,Safety
940,Safety
941,Not safety
942,Not safety
943,Not safety
944,Safety
945,Not safety
946,Not safety
947,Not safety
948,Not safety
949,Not safety
950,Safety
951,Not safety
952,Safety
953,Not safety
954,Not safety
955,Safety
956,Not safety
957,Safety
958,Not safety
959,Not safety
960,Not safety
961,Not safety
962,Safety
963,Not safety
964,Safety
965,Not safety
966,Safety
967,Not safety
968,Not safety
969,Safety
970,Not safety
971,Safety
972,Safety
973,Safety
974,Not safety
975,Safety
976,Safety
977,Not safety
978,Not safety
979,Not safety
980,Not safety
981,Not safety
982,Not safety
983,Safety
984,Not safety
985,Not safety
986,Not safety
987,Not safety
988,Safety
989,Safety
990,Not safety
991,Safety
992,Safety
993,Not safety
994,Not safety
995,Not safety
996,Not safety
997,Safety
998,Not safety
999,Not safety
1000,Safety
1001,Safety
1002,Not safety
1003,Not safety
1004,Not safety
1005,Not safety
1006,Safety
1007,Safety
1008,Not safety
1009,Not safety
1010,Safety
1011,Not safety
1012,Not safety
1013,Safety
1014,Safety
1015,Not safety
1016,Not safety
1017,Safety
1018,Not safety
1019,Safety
1020,Not safety
1021,Safety
1022,Safety
1023,Not safety
1024,Safety
1025,Not safety
1026,Safety
1027,Safety
1028,Not safety
1029,Safety
1030,Safety
1031,Safety
1032,Not safety
1033,Not safety
1034,Safety
1035,Safety
1036,Safety
1037,Safety
1038,Not safety
1039,Not safety
1040,Safety
1041,Not safety
1042,Not safety
1043,Safety
1044,Not safety
1045,Not safety
1046,Safety
1047,Not safety
1048,Not safety
1049,Safety
1050,Not safety
1051,Not safety
1052,Safety
1053,Not safety
1054,Safety
1055,Not safety
1056,Safety
1057,Safety
1058,Not safety
1059,Safety
1060,Safety
1061,Safety
1062,Not safety
1063,Safety
1064,Safety
1065,Safety
1066,Safety
1067,Safety
1068,Safety
1069,Safety
1070,Not safety
1071,Not safety
1072,Not safety
1073,Not safety
1074,Not safety
1075,Safety
1076,Not safety
1077,Safety
1078,Not safety
1079,Safety
1080,Not safety
1081,Safety
1082,Not safety
1083,Safety
1084,Safety
1085,Safety
1086,Safety
1087,Not safety
1088,Safety
1089,Not safety
1090,Safety
1091,Safety
1092,Not safety
1093,Safety
1094,Safety
1095,Safety
1096,Safety
1097,Safety
1098,Not safety
1099,Not safety
1100,Safety
1101,Safety
1102,Safety
1103,Not safety
1104,Safety
1105,Not safety
1106,Safety
1107,Not safety
1108,Safety
1109,Safety
1110,Not safety
1111,Safety
1112,Safety
1113,Not safety
1114,Safety
1115,Safety
1116,Safety
1117,Not safety
1118,Not safety
1119,Safety
1120,Safety
1121,Not safety
1122,Not safety
1123,Safety
1124,Not safety
1125,Not safety
1126,Not safety
1127,Not safety
1128,Not safety
1129,Not safety
1130,Not safety
1131,Safety
1132,Safety
1133,Not safety
1134,Not safety
1135,Safety
1136,Not safety
1137,Safety
1138,Not safety
1139,Not safety
1140,Not safety
1141,Not safety
1142,Safety
1143,Not safety
1144,Not safety
1145,Safety
1146,Safety
1147,Safety
1148,Not safety
1149,Not safety
1150,Safety
1151,Not safety
1152,Safety
1153,Safety
1154,Safety
1155,Safety
1156,Not safety
1157,Not safety
1158,Safety
1159,Not safety
1160,Safety
1161,Not safety
1162,Safety
1163,Safety
1164,Not safety
1165,Safety
1166,Safety
1167,Safety
1168,Not safety
1169,Not safety
1170,Safety
1171,Safety
1172,Not safety
1173,Safety
1174,Not safety
1175,Not safety
1176,Safety
1177,Not safety
1178,Safety
1179,Safety
1180,Not safety
1181,Safety
1182,Safety
1183,Not safety
1184,Not safety
1185,Not safety
1186,Not safety
1187,Safety
1188,Not safety
1189,Not safety
1190,Safety
1191,Not safety
1192,Safety
1193,Not safety
1194,Safety
1195,Not safety
1196,Not safety
1197,Not safety
1198,Not safety
1199,Not safety
1200,Safety
1201,Safety
1202,Not safety
1203,Safety
1204,Not safety
1205,Safety
1206,Not safety
1207,Not safety
1208,Safety
1209,Safety
1210,Not safety
1211,Not safety
1212,Not safety
1213,Safety
1214,Safety
1215,Not safety
1216,Safety
1217,Safety
1218,Safety
1219,Safety
1220,Safety
1221,Safety
1222,Safety
1223,Not safety
1224,Not safety
1225,Not safety
1226,Safety
1227,Not safety
1228,Safety
1229,Safety
1230,Safety
1231,Safety
1232,Not safety
1233,Not safety
1234,Not safety
1235,Not safety
1236,Not safety
1237,Safety
1238,Not safety
1239,Safety
1240,Not safety
1241,Not safety
1242,Safety
1243,Safety
1244,Not safety
1245,Not safety
1246,Not safety
1247,Safety
1248,Not safety
1249,Safety
1250,Safety
1251,Safety
1252,Safety
1253,Safety
1254,Safety
1255,Safety
1256,Not safety
1257,Not safety
1258,Safety
1259,Not safety
1260,Safety
1261,Safety
1262,Safety
1263,Not safety
1264,Not safety
1265,Safety
1266,Safety
1267,Not safety
1268,Safety
1269,Safety
1270,Not safety
1271,Not safety
1272,Not safety
1273,Safety
1274,Safety
1275,Not safety
1276,Safety
1277,Not safety
1278,Not safety
1279,Safety
1280,Safety
1281,Not safety
1282,Not safety
1283,Safety
1284,Not safety
1285,Not safety
1286,Not safety
1287,Safety
1288,Safety
1289,Not safety
1290,Not safety
1291,Not safety
1292,Not safety
1293,Not safety
1294,Not safety
1295,Not safety
1296,Not safety
1297,Safety
1298,Safety
1299,Safety
1300,Safety
1301,Safety
1302,Safety
1303,Safety
1304,Not safety
1305,Safety
1306,Not safety
1307,Not safety
1308,Safety
1309,Safety
1310,Not safety
1311,Not safety
1312,Not safety
1313,Safety
1314,Safety
1315,Safety
1316,Not safety
1317,Not safety
1318,Not safety
1319,Safety
1320,Safety
1321,Not safety
1322,Not safety
1323,Not safety
1324,Safety
1325,Safety
1326,Not safety
1327,Not safety
1328,Safety
1329,Safety
1330,Safety
1331,Not safety
1332,Not safety
1333,Not safety
1334,Not safety
1335,Not safety
1336,Safety
1337,Safety
1338,Safety
1339,Not safety
1340,Not safety
1341,Safety
1342,Safety
1343,Safety
1344,Safety
1345,Not safety
1346,Not safety
1347,Safety
1348,Not safety
1349,Not safety
1350,Safety
1351,Not safety
1352,Not safety
1353,Safety
1354,Safety
1355,Safety
1356,Not safety
1357,Safety
1358,Not safety
1359,Not safety
1360,Safety
1361,Safety
1362,Safety
1363,Safety
1364,Not safety
1365,Safety
1366,Safety
1367,Not safety
1368,Safety
1369,Safety
1370,Not safety
1371,Safety
1372,Not safety
1373,Not safety
1374,Safety
1375,Not safety
1376,Safety
1377,Safety
1378,Not safety
1379,Not safety
1380,Safety
1381,Safety
1382,Not safety
1383,Not safety
1384,Not safety
1385,Safety
1386,Not safety
1387,Safety
1388,Not safety
1389,Safety
1390,Not safety
1391,Not safety
1392,Safety
1393,Safety
1394,Not safety
1395,Safety
1396,Safety
1397,Safety
1398,Safety
1399,Not safety
1400,Not safety
1401,Not safety
1402,Not safety
1403,Not safety
1404,Not safety
1405,Safety
1406,Safety
1407,Safety
1408,Safety
1409,Safety
1410,Not safety
1411,Not safety
1412,Not safety
1413,Safety
1414,Not safety
1415,Not safety
1416,Safety
1417,Not safety
1418,Not safety
1419,Not safety
1420,Safety
1421,Not safety
1422,Not safety
1423,Not safety
1424,Safety
1425,Safety
1426,Safety
1427,Not safety
1428,Safety
1429,Not safety
1430,Not safety
1431,Safety
1432,Safety
1433,Safety
1434,Not safety
1435,Not safety
1436,Not safety
1437,Not safety
1438,Safety
1439,Not safety
1440,Not safety
1441,Safety
1442,Safety
1443,Not safety
1444,Not safety
1445,Not safety
1446,Safety
1447,Not safety
1448,Not safety
1449,Not safety
1450,Not safety
1451,Not safety
1452,Safety
1453,Safety
1454,Not safety
1455,Safety
1456,Not safety
1457,Not safety
1458,Not safety
1459,Not safety
1460,Not safety
1461,Not safety
1462,Not safety
1463,Not safety
1464,Safety
1465,Not safety
1466,Safety
1467,Not safety
1468,Safety
1469,Safety
1470,Not safety
1471,Not safety
1472,Safety
1473,Safety
1474,Not safety
1475,Safety
1476,Safety
1477,Not safety
1478,Safety
1479,Not safety
1480,Safety
1481,Safety
1482,Not safety
1483,Safety
1484,Not safety
1485,Safety
1486,Safety
1487,Not safety
1488,Not safety
1489,Not safety
1490,Not safety
1491,Not safety
1492,Not safety
1493,Not safety
1494,Not safety
1495,Safety
1496,Not safety
1497,Safety
1498,Safety
1499,Safety
1500,Not safety
1501,Not safety
1502,Safety
1503,Safety
1504,Safety
1505,Safety
1506,Safety
1507,Safety
1508,Not safety
1509,Not safety
1510,Not safety
1511,Not safety
1512,Not safety
1513,Not safety
1514,Safety
1515,Safety
1516,Safety
1517,Safety
1518,Not safety
1519,Not safety
1520,Safety
1521,Not safety
1522,Safety
1523,Not safety
1524,Not safety
1525,Not safety
1526,Safety
1527,Not safety
1528,Not safety
1529,Safety
1530,Safety
1531,Not safety
1532,Safety
1533,Not safety
1534,Safety
1535,Not safety
1536,Not safety
1537,Safety
1538,Not safety
1539,Not safety
1540,Not safety
1541,Not safety
1542,Not safety
1543,Not safety
1544,Safety
1545,Not safety
1546,Not safety
1547,Safety
1548,Safety
1549,Safety
1550,Safety
1551,Not safety
1552,Safety
1553,Safety
1554,Safety
1555,Not safety
1556,Not safety
1557,Not safety
1558,Safety
1559,Safety
1560,Not safety
1561,Not safety
1562,Not safety
1563,Not safety
1564,Safety
1565,Safety
1566,Not safety
1567,Not safety
1568,Safety
1569,Not safety
1570,Safety
1571,Safety
1572,Not safety
1573,Safety
1574,Not safety
1575,Not safety
1576,Not safety
1577,Safety
1578,Safety
1579,Not safety
1580,Safety
1581,Not safety
1582,Safety
1583,Not safety
1584,Safety
1585,Not safety
1586,Not safety
1587,Not safety
1588,Not safety
1589,Not safety
1590,Not safety
1591,Not safety
1592,Not safety
1593,Safety
1594,Not safety
1595,Safety
1596,Safety
1597,Safety
1598,Safety
1599,Safety
1600,Not safety
1601,Safety
1602,Safety
1603,Not safety
1604,Not safety
1605,Safety
1606,Safety
1607,Not safety
1608,Not safety
1609,Not safety
1610,Safety
1611,Not safety
1612,Safety
1613,Not safety
1614,Safety
1615,Not safety
1616,Safety
1617,Safety
1618,Safety
1619,Not safety
1620,Safety
1621,Safety
1622,Safety
1623,Not safety
1624,Safety
1625,Not safety
1626,Safety
1627,Safety
1628,Safety
1629,Safety
1630,Not safety
1631,Safety
1632,Safety
1633,Safety
1634,Not safety
